{
    "keySize": 2048,
      "templateOid": "1.3.6.1.4.1.311.21.8.3295615.9391522.3558334.2790417.1961463.187.10509973.13081228",
      "major": 100,
      "minor": 26
}